{"money": 0, "game_time": 144.39199999999684, "total_games": 0, "total_inspections": 0, "total_earned": 0, "inspect_timer": 8975.608000002478, "player_x": 542.9760114859997, "player_y": 454.17601148599994, "rooms_clean": {"kitchen": 97.11216000001339, "living_room": 97.8341199999934, "bathroom": 97.4009440000318, "bedroom": 97.8341199999934, "office": 97.8341199999934, "yard": 96.82337599999501, "garage": 97.8341199999934}, "broken_set": [], "owned_robots": [], "owned_upgrades": ["better_keyboard", "coffee_machine"], "current_project": 9, "project_progress": 2515.8000000000006, "code_speed_bonus": 0.4, "robot_eff_bonus": 0, "auto_code_rate": 0}