{"money": 100, "game_time": 100.53900000000151, "total_games": 3, "total_inspections": 0, "total_earned": 6200, "inspect_timer": 9019.461000001706, "player_x": 505.1200000000003, "player_y": 440.3200000000014, "rooms_clean": {"kitchen": 97.98922000001006, "living_room": 98.49191499999631, "bathroom": 98.19029800002242, "bedroom": 98.49191499999631, "office": 98.49191499999631, "yard": 97.78814199999773, "garage": 98.49191499999631}, "broken_set": [], "owned_robots": [], "owned_upgrades": ["dual_monitors", "better_keyboard", "auto_coder"], "current_project": 9, "project_progress": 76.23519999999954, "code_speed_bonus": 0.55, "robot_eff_bonus": 0, "auto_code_rate": 1.0}