{
  "cookies": 286.13800000005665,
  "total_cookies": 368.13800000007353,
  "total_clicks": 50,
  "click_power": 3,
  "cps": 0.5,
  "owned": [
    2,
    1,
    0,
    0,
    0,
    0,
    0,
    0
  ],
  "milestone_idx": 1,
  "multiplier": 1.0,
  "multiplier_timer": 0.0
}