{
  "cookies": 391.1820000000803,
  "total_cookies": 473.1820000001237,
  "total_clicks": 45,
  "click_power": 3,
  "cps": 0.5,
  "owned": [
    2,
    1,
    0,
    0,
    0,
    0,
    0,
    0
  ],
  "milestone_idx": 1,
  "multiplier": 1.0,
  "multiplier_timer": 0.0
}