{
  "cookies": 136.10899999998068,
  "total_cookies": 218.10900000003014,
  "total_clicks": 45,
  "click_power": 3,
  "cps": 0.5,
  "owned": [
    2,
    1,
    0,
    0,
    0,
    0,
    0,
    0
  ],
  "milestone_idx": 1,
  "multiplier": 1.0,
  "multiplier_timer": 0.0
}