{
  "cookies": 3246.009499979183,
  "total_cookies": 3328.0094999778407,
  "total_clicks": 45,
  "click_power": 3,
  "cps": 0.5,
  "owned": [
    2,
    1,
    0,
    0,
    0,
    0,
    0,
    0,
    0,
    0,
    0,
    0,
    0,
    0,
    0,
    0,
    0,
    0,
    0,
    0,
    0,
    0,
    0,
    0,
    0,
    0,
    0,
    0,
    0,
    0,
    0,
    0
  ],
  "milestone_idx": 3,
  "multiplier": 1.0,
  "multiplier_timer": 0.0,
  "rebirths": 0,
  "rebirth_multiplier": 1.0,
  "lifetime_cookies": 199.0395000000103
}