{
  "cookies": 466.1795000000977,
  "total_cookies": 548.1795000002487,
  "total_clicks": 50,
  "click_power": 3,
  "cps": 0.5,
  "owned": [
    2,
    1,
    0,
    0,
    0,
    0,
    0,
    0
  ],
  "milestone_idx": 2,
  "multiplier": 1.0,
  "multiplier_timer": 0.0
}