{
  "cookies": 316.16300000005623,
  "total_cookies": 398.16300000009966,
  "total_clicks": 45,
  "click_power": 3,
  "cps": 0.5,
  "owned": [
    2,
    1,
    0,
    0,
    0,
    0,
    0,
    0
  ],
  "milestone_idx": 1,
  "multiplier": 1.0,
  "multiplier_timer": 0.0
}