{
  "cookies": 73387.36351049462,
  "total_cookies": 73469.36351048466,
  "total_clicks": 50,
  "click_power": 3,
  "cps": 0.5,
  "owned": [
    2,
    1,
    0,
    0,
    0,
    0,
    0,
    0
  ],
  "milestone_idx": 6,
  "multiplier": 1.0,
  "multiplier_timer": 0.0
}