{
  "cookies": 118055.35950608201,
  "total_cookies": 118137.35950607205,
  "total_clicks": 50,
  "click_power": 3,
  "cps": 0.5,
  "owned": [
    2,
    1,
    0,
    0,
    0,
    0,
    0,
    0
  ],
  "milestone_idx": 7,
  "multiplier": 1.0,
  "multiplier_timer": 0.0
}