{
  "cookies": 226.11700000003407,
  "total_cookies": 308.11700000005595,
  "total_clicks": 50,
  "click_power": 3,
  "cps": 0.5,
  "owned": [
    2,
    1,
    0,
    0,
    0,
    0,
    0,
    0
  ],
  "milestone_idx": 1,
  "multiplier": 1.0,
  "multiplier_timer": 0.0
}