{
  "cookies": 4637.43049995555,
  "total_cookies": 4719.430499954126,
  "total_clicks": 50,
  "click_power": 3,
  "cps": 0.5,
  "owned": [
    2,
    1,
    0,
    0,
    0,
    0,
    0,
    0
  ],
  "milestone_idx": 3,
  "multiplier": 1.0,
  "multiplier_timer": 0.0
}