{
  "cookies": 4922.495499950474,
  "total_cookies": 5004.495499949133,
  "total_clicks": 45,
  "click_power": 3,
  "cps": 0.5,
  "owned": [
    2,
    1,
    0,
    0,
    0,
    0,
    0,
    0
  ],
  "milestone_idx": 4,
  "multiplier": 1.0,
  "multiplier_timer": 0.0
}