{
  "cookies": 1321.4735000013595,
  "total_cookies": 1403.4735000011663,
  "total_clicks": 45,
  "click_power": 3,
  "cps": 0.5,
  "owned": [
    2,
    1,
    0,
    0,
    0,
    0,
    0,
    0
  ],
  "milestone_idx": 3,
  "multiplier": 1.0,
  "multiplier_timer": 0.0
}