{
  "cookies": 73237.52801046263,
  "total_cookies": 73319.52801045107,
  "total_clicks": 45,
  "click_power": 3,
  "cps": 0.5,
  "owned": [
    2,
    1,
    0,
    0,
    0,
    0,
    0,
    0,
    0,
    0,
    0,
    0,
    0,
    0,
    0,
    0,
    0,
    0,
    0,
    0,
    0,
    0,
    0,
    0,
    0,
    0,
    0,
    0,
    0,
    0,
    0,
    0
  ],
  "milestone_idx": 6,
  "multiplier": 1.0,
  "multiplier_timer": 0.0,
  "rebirths": 0,
  "rebirth_multiplier": 1.0,
  "lifetime_cookies": 70190.55801085095
}