{
  "cookies": 2086.6994999988924,
  "total_cookies": 2168.69949999755,
  "total_clicks": 45,
  "click_power": 3,
  "cps": 0.5,
  "owned": [
    2,
    1,
    0,
    0,
    0,
    0,
    0,
    0
  ],
  "milestone_idx": 3,
  "multiplier": 1.0,
  "multiplier_timer": 0.0
}