{"game_time": 120.01600000000361, "essence": 677, "kills": 71, "spawn_timer": 1.1430684210526225, "boss_spawned": ["titan"], "dbl_active": true, "atk_multi": 2, "shake": 0, "combo_count": 4, "combo_timer": 1.111000000000002, "combo_best": 14, "berserk_timer": 0.0, "respawn_timer": 0.0, "respawn_boss": null, "chaos_timer": 0.0, "difficulty": 1, "run_xp": 45, "stats": {"total_dmg": 6223.744419999982, "melee_kills": 0, "ability_kills": 0, "shots_fired": 251, "bosses_killed": 1, "powerups_collected": 4, "max_combo": 14, "deaths": 0}, "player": {"x": 575.0527653978922, "y": 593.1561928305593, "hp": 320, "max_hp": 320, "spd": 375, "facing": -3.027095326420193, "ab": ["titan_slam", "split_shot", "chain_bolt"], "cd": [0, 0, 0], "mcd": 0, "scd": 0, "manim": 0, "invuln": 0}, "base": {"x": 1160, "y": 360, "hp": 900, "max_hp": 900, "flash": 0}, "enemies": [{"x": 386.613272594003, "y": 485.5483926259649, "hp": 40.38803333333395, "max_hp": 76.38803333333395, "spd": 80.0, "dmg": 11, "type": "teleporter", "col": [200, 100, 255], "sides": 5, "sz": 12, "ess": 10, "boss": false, "btype": "", "frozen": 0.0, "hflash": 0, "acd": 0, "wander_t": 0.0, "wx": 0.0, "wy": 0.0, "elite": "", "phase": 0, "shield_hp": 0}, {"x": 112.96264719634401, "y": 555.3130835295111, "hp": 76.66468333333398, "max_hp": 76.66468333333398, "spd": 80.0, "dmg": 11, "type": "teleporter", "col": [200, 100, 255], "sides": 5, "sz": 12, "ess": 10, "boss": false, "btype": "", "frozen": 0.0, "hflash": 0, "acd": 0, "wander_t": 0.0, "wx": 0.0, "wy": 0.0, "elite": "", "phase": 0, "shield_hp": 0}, {"x": 25.000282379491182, "y": 204.6007775134497, "hp": 62.95110000000054, "max_hp": 62.95110000000054, "spd": 155.0, "dmg": 12, "type": "volt", "col": [255, 240, 60], "sides": 4, "sz": 12, "ess": 8, "boss": false, "btype": "", "frozen": 0.0, "hflash": 0, "acd": 0, "wander_t": 0.0, "wx": 0.0, "wy": 0.0, "elite": "", "phase": 0, "shield_hp": 0}], "clones": [], "orbs": [{"x": 523.6836655313427, "y": 572.6081867181706, "ab": "phase_blink", "boss": false, "life": 11.095000000000013, "t": 0.9050000000000007}]}