{"game_time": 120.01700000000098, "essence": 758, "kills": 71, "spawn_timer": 1.1660052631578934, "boss_spawned": ["titan"], "dbl_active": true, "atk_multi": 2, "shake": 0.10399999999999998, "combo_count": 4, "combo_timer": 0.854000000000003, "combo_best": 10, "berserk_timer": 0.0, "respawn_timer": 0.0, "respawn_boss": null, "chaos_timer": 0.0, "difficulty": 1, "run_xp": 29, "stats": {"total_dmg": 2937.599999999988, "melee_kills": 0, "ability_kills": 0, "shots_fired": 2391, "bosses_killed": 1, "powerups_collected": 0, "max_combo": 10, "deaths": 0}, "player": {"x": 1250, "y": 690, "hp": 320, "max_hp": 320, "spd": 315, "facing": -2.9752439221100375, "ab": [null, null, null], "cd": [0, 0, 0], "mcd": 0, "scd": 0, "manim": 0.16699999999999998, "invuln": 0}, "base": {"x": 1160, "y": 360, "hp": 900, "max_hp": 900, "flash": 0}, "enemies": [{"x": 261.16567951860026, "y": 608.2009398763179, "hp": 83.34240000000021, "max_hp": 83.34240000000021, "spd": 85.0, "dmg": 8, "type": "spike", "col": [220, 50, 50], "sides": 3, "sz": 14, "ess": 5, "boss": false, "btype": "", "frozen": 0.0, "hflash": 0, "acd": 0, "wander_t": 0.0, "wx": 0.0, "wy": 0.0, "elite": "", "phase": 0, "shield_hp": 0}, {"x": 356.7711646333401, "y": 446.2746180087904, "hp": 62.73075000000015, "max_hp": 62.73075000000015, "spd": 217.0, "dmg": 15, "type": "volt", "col": [255, 240, 60], "sides": 4, "sz": 12, "ess": 12, "boss": false, "btype": "", "frozen": 0.0, "hflash": 0, "acd": 0, "wander_t": 0.0, "wx": 0.0, "wy": 0.0, "elite": "enraged", "phase": 0, "shield_hp": 0}, {"x": 11.03429045170073, "y": 624.350010737322, "hp": 62.95470000000015, "max_hp": 62.95470000000015, "spd": 155.0, "dmg": 12, "type": "volt", "col": [255, 240, 60], "sides": 4, "sz": 12, "ess": 8, "boss": false, "btype": "", "frozen": 0.0, "hflash": 0, "acd": 0, "wander_t": 0.0, "wx": 0.0, "wy": 0.0, "elite": "", "phase": 0, "shield_hp": 0}], "clones": [{"x": 16.849953572933224, "y": 169.19652391961785, "hp": 72.2500000000002, "max_hp": 90, "spd": 161.0, "facing": -0.9646390753631662, "ab": [null, null, null], "cd": [0, 0, 0], "mcd": 0, "scd": 0, "manim": 0}, {"x": 543.8994997652215, "y": 482.2655463664739, "hp": 90, "max_hp": 90, "spd": 161.0, "facing": -2.951580093209545, "ab": [null, null, null], "cd": [0, 0, 0], "mcd": 0, "scd": 0.18399999999999994, "manim": 0}], "orbs": []}