{"game_time": 180.02799999998214, "essence": 1475, "kills": 116, "spawn_timer": 0.4335973684210992, "boss_spawned": ["titan"], "dbl_active": true, "atk_multi": 2, "shake": 0, "combo_count": 4, "combo_timer": 1.2030000000000025, "combo_best": 17, "berserk_timer": 0.0, "respawn_timer": 0.0, "respawn_boss": null, "chaos_timer": 0.0, "difficulty": 1, "run_xp": 24, "stats": {"total_dmg": 3895.199999999975, "melee_kills": 0, "ability_kills": 0, "shots_fired": 2455, "bosses_killed": 1, "powerups_collected": 0, "max_combo": 17, "deaths": 0}, "player": {"x": 711.5092274315783, "y": 361.7413297898177, "hp": 114.3225000000174, "max_hp": 320, "spd": 315, "facing": 2.5898804155979778, "ab": [null, null, null], "cd": [0, 0, 0], "mcd": 0, "scd": 0, "manim": 0, "invuln": 0}, "base": {"x": 1160, "y": 360, "hp": 900, "max_hp": 900, "flash": 0}, "enemies": [], "clones": [{"x": 24.38280028110003, "y": 209.8965852984745, "hp": 69.38200000000025, "max_hp": 90, "spd": 161.0, "facing": 1.740903693629492, "ab": [null, null, null], "cd": [0, 0, 0], "mcd": 0, "scd": 0, "manim": 0}, {"x": -7.790693084924463, "y": 417.1998890741208, "hp": 88.60800000000003, "max_hp": 90, "spd": 161.0, "facing": 2.505930091532848, "ab": [null, null, null], "cd": [0, 0, 0], "mcd": 0, "scd": 0, "manim": 0}], "orbs": [{"x": -13.993359595176834, "y": 402.88259445016587, "ab": "spike_burst", "boss": false, "life": 9.875000000000039, "t": 2.1249999999999973}]}