{"game_time": 60.00500000000009, "essence": 156, "kills": 32, "spawn_timer": 0.24577631578947468, "boss_spawned": [], "dbl_active": false, "atk_multi": 1, "shake": 0, "combo_count": 4, "combo_timer": 0.733000000000002, "combo_best": 6, "berserk_timer": 0.0, "respawn_timer": 0.0, "respawn_boss": null, "chaos_timer": 0.0, "difficulty": 1, "run_xp": 40, "stats": {"total_dmg": 2282.3999999999974, "melee_kills": 0, "ability_kills": 0, "shots_fired": 965, "bosses_killed": 0, "powerups_collected": 0, "max_combo": 6, "deaths": 0}, "player": {"x": 1250, "y": 412.3478863479829, "hp": 320, "max_hp": 320, "spd": 315, "facing": -2.9753567300521317, "ab": [null, null, null], "cd": [0, 0, 0], "mcd": 0, "scd": 0, "manim": 0.13499999999999995, "invuln": 0}, "base": {"x": 1160, "y": 360, "hp": 900, "max_hp": 900, "flash": 0}, "enemies": [{"x": 231.20971848700046, "y": 230.31609963087658, "hp": 71.39, "max_hp": 71.39, "spd": 85.0, "dmg": 8, "type": "spike", "col": [220, 50, 50], "sides": 3, "sz": 14, "ess": 5, "boss": false, "btype": "", "frozen": 0.0, "hflash": 0, "acd": 0, "wander_t": 0.0, "wx": 0.0, "wy": 0.0, "elite": "", "phase": 0, "shield_hp": 0}, {"x": 91.73228656854121, "y": 546.6951691660976, "hp": 71.721, "max_hp": 71.721, "spd": 85.0, "dmg": 8, "type": "spike", "col": [220, 50, 50], "sides": 3, "sz": 14, "ess": 5, "boss": false, "btype": "", "frozen": 0.0, "hflash": 0, "acd": 0, "wander_t": 0.0, "wx": 0.0, "wy": 0.0, "elite": "", "phase": 0, "shield_hp": 0}], "clones": [{"x": 481.70958219194654, "y": 409.37738360761784, "hp": 90, "max_hp": 90, "spd": 161.0, "facing": 3.1360402789833297, "ab": [null, null, null], "cd": [0, 0, 0], "mcd": 0, "scd": 0, "manim": 0}, {"x": 1250, "y": 396.3674659273526, "hp": 90, "max_hp": 90, "spd": 161.0, "facing": -2.934155003752952, "ab": [null, null, null], "cd": [0, 0, 0], "mcd": 0, "scd": 0, "manim": 0}], "orbs": [{"x": 521.8332809173048, "y": 270.9009875292504, "ab": "spike_burst", "boss": false, "life": 8.579000000000052, "t": 3.4209999999999945}, {"x": 423.6309957002173, "y": 409.61596678499257, "ab": "spike_burst", "boss": false, "life": 10.717000000000018, "t": 1.2830000000000001}]}