{"game_time": 120.01400000000349, "essence": 637, "kills": 68, "spawn_timer": 1.2059078947368336, "boss_spawned": ["titan"], "dbl_active": true, "atk_multi": 2, "shake": 0, "combo_count": 0, "combo_timer": -0.016999999999998003, "combo_best": 7, "berserk_timer": 0.0, "respawn_timer": 0.0, "respawn_boss": null, "chaos_timer": 0.0, "difficulty": 1, "run_xp": 2, "stats": {"total_dmg": 5178.799999999993, "melee_kills": 0, "ability_kills": 0, "shots_fired": 234, "bosses_killed": 1, "powerups_collected": 2, "max_combo": 7, "deaths": 0}, "player": {"x": 485.94674047815346, "y": 423.05295301291744, "hp": 120, "max_hp": 120, "spd": 375, "facing": -2.826415365508345, "ab": ["titan_slam", "chain_bolt", "chain_bolt"], "cd": [0, 0.916000000000006, 0], "mcd": 0, "scd": 0.06599999999999995, "manim": 0, "invuln": 0}, "base": {"x": 1160, "y": 360, "hp": 600, "max_hp": 600, "flash": 0}, "enemies": [{"x": 465.75828489937714, "y": 274.1220634490342, "hp": 82.74160000000063, "max_hp": 82.74160000000063, "spd": 85.0, "dmg": 8, "type": "spike", "col": [220, 50, 50], "sides": 3, "sz": 14, "ess": 5, "boss": false, "btype": "", "frozen": 0.0, "hflash": 0, "acd": 0, "wander_t": 0.0, "wx": 0.0, "wy": 0.0, "elite": "", "phase": 0, "shield_hp": 0}, {"x": 260.9329743457007, "y": 347.7158626287193, "hp": 83.34640000000067, "max_hp": 83.34640000000067, "spd": 85.0, "dmg": 8, "type": "spike", "col": [220, 50, 50], "sides": 3, "sz": 14, "ess": 5, "boss": false, "btype": "", "frozen": 0.0, "hflash": 0, "acd": 0, "wander_t": 0.0, "wx": 0.0, "wy": 0.0, "elite": "", "phase": 0, "shield_hp": 0}, {"x": 119.64150930485557, "y": 320.5571386994755, "hp": 47.64640000000068, "max_hp": 83.64640000000068, "spd": 85.0, "dmg": 8, "type": "spike", "col": [220, 50, 50], "sides": 3, "sz": 14, "ess": 5, "boss": false, "btype": "", "frozen": 0.0, "hflash": 0, "acd": 0, "wander_t": 0.0, "wx": 0.0, "wy": 0.0, "elite": "", "phase": 0, "shield_hp": 0}, {"x": -3.570916701603999, "y": 204.17097786804274, "hp": 76.9514166666673, "max_hp": 76.9514166666673, "spd": 80.0, "dmg": 11, "type": "teleporter", "col": [200, 100, 255], "sides": 5, "sz": 12, "ess": 10, "boss": false, "btype": "", "frozen": 0.0, "hflash": 0, "acd": 0, "wander_t": 0.0, "wx": 0.0, "wy": 0.0, "elite": "", "phase": 0, "shield_hp": 0}], "clones": [], "orbs": []}